made_for,city,horizon_h,target_time,model,low,high,naive,openmeteo,actual
2026-09-27 01:00:00,baguio,1,2026-09-27 02:00:00,14.44,12.88,15.7,15.8,13.7,
2026-09-27 01:00:00,baguio,6,2026-09-27 07:00:00,11.91,7.92,16.43,15.8,11.6,
2026-09-27 01:00:00,baguio,12,2026-09-27 13:00:00,6.26,3.06,11.92,15.8,9.8,
2026-09-27 01:00:00,baguio,24,2026-09-28 01:00:00,14.04,6.37,21.37,15.8,12.0,
2026-09-27 01:00:00,cebu,1,2026-09-27 02:00:00,12.96,11.66,13.48,13.0,12.8,
2026-09-27 01:00:00,cebu,6,2026-09-27 07:00:00,12.06,8.47,16.2,13.0,8.6,
2026-09-27 01:00:00,cebu,12,2026-09-27 13:00:00,10.83,5.5,17.7,13.0,7.5,
2026-09-27 01:00:00,cebu,24,2026-09-28 01:00:00,10.21,5.29,16.84,13.0,6.6,
2026-09-27 01:00:00,davao,1,2026-09-27 02:00:00,14.57,13.86,15.08,14.3,14.4,
2026-09-27 01:00:00,davao,6,2026-09-27 07:00:00,14.79,10.15,19.69,14.3,13.5,
2026-09-27 01:00:00,davao,12,2026-09-27 13:00:00,9.94,5.43,17.26,14.3,8.0,
2026-09-27 01:00:00,davao,24,2026-09-28 01:00:00,13.87,7.94,20.67,14.3,12.0,
2026-09-27 01:00:00,manila,1,2026-09-27 02:00:00,28.23,25.35,30.15,28.7,28.3,
2026-09-27 01:00:00,manila,6,2026-09-27 07:00:00,23.81,16.58,32.54,28.7,26.7,
2026-09-27 01:00:00,manila,12,2026-09-27 13:00:00,17.24,10.82,24.47,28.7,18.0,
2026-09-27 01:00:00,manila,24,2026-09-28 01:00:00,26.24,13.26,48.83,28.7,35.2,
2026-09-27 01:00:00,quezon_city,1,2026-09-27 02:00:00,29.98,27.95,32.3,30.6,30.6,
2026-09-27 01:00:00,quezon_city,6,2026-09-27 07:00:00,24.56,17.23,32.84,30.6,27.5,
2026-09-27 01:00:00,quezon_city,12,2026-09-27 13:00:00,17.68,9.38,26.28,30.6,22.6,
2026-09-27 01:00:00,quezon_city,24,2026-09-28 01:00:00,22.29,12.03,41.26,30.6,30.5,
